{"train_loss": 0.42830988732298475, "train_accuracy": 0.8961737472766884, "learning_rate": 0.00029947689625108985, "_timestamp": 1714745519.766513, "_runtime": 243.83682012557983, "_step": 0, "_wandb": {"runtime": 257}}