{"train_loss": 0.413835646020561, "train_accuracy": 0.8972630718954249, "learning_rate": 0.0008997384481255449, "_timestamp": 1714744288.5637558, "_runtime": 473.9229028224945, "_step": 1}